job_name,primaryAccession,seqent_id,path,organismName,length,startPosition,stopPosition,mismatch,mismatchWeight,alignmentPosition,ecoliPosition,matchDirection,sequenceMatch,taxonomy
LOK1183_1mm,AB525489,72751,Archaea;Asgardarchaeota;Lokiarchaeia;,uncultured archaeon,1422,1,1422,0,0.0,37706,1182,rev,GGAGGAAGG-====================-UAUGCCCCG,Archaea;Asgardarchaeota;Lokiarchaeia;uncultured archaeon
LOK1183_1mm,AB598074,87484,Archaea;Asgardarchaeota;Lokiarchaeia;,uncultured archaeon,1422,1,1422,0,0.0,37706,1182,rev,GGAGGAAGG-====================-UAUGCCCCG,Archaea;Asgardarchaeota;Lokiarchaeia;uncultured archaeon
LOK1183_1mm,AB750600,135681,Archaea;Asgardarchaeota;Lokiarchaeia;,uncultured archaeon,1280,1,1280,0,0.0,37706,1182,rev,GGAGGAAGG-====================-UAUGCCCCG,Archaea;Asgardarchaeota;Lokiarchaeia;uncultured archaeon
LOK1183_1mm,AB798202,152117,Archaea;Asgardarchaeota;Lokiarchaeia;,uncultured archaeon,1422,1,1422,0,0.0,37706,1182,rev,GGAGGAAGG-====================-UAUGCCCCG,Archaea;Asgardarchaeota;Lokiarchaeia;uncultured archaeon
LOK1183_1mm,AB798308,152223,Archaea;Asgardarchaeota;Lokiarchaeia;,uncultured archaeon,1421,1,1421,0,0.0,37706,1182,rev,GGAGGAAGG-====================-UAUGCCCCG,Archaea;Asgardarchaeota;Lokiarchaeia;uncultured archaeon
LOK1183_1mm,AB798472,152387,Archaea;Asgardarchaeota;Lokiarchaeia;,uncultured archaeon,1420,1,1420,0,0.0,37706,1182,rev,GGAGGAAGG-====================-UAUGCCCCG,Archaea;Asgardarchaeota;Lokiarchaeia;uncultured archaeon
LOK1183_1mm,AB798483,152398,Archaea;Asgardarchaeota;Lokiarchaeia;,uncultured archaeon,1421,1,1421,0,0.0,37706,1182,rev,GGAGGAAGG-====================-UAUGCCCCG,Archaea;Asgardarchaeota;Lokiarchaeia;uncultured archaeon
LOK1183_1mm,AB798493,152408,Archaea;Asgardarchaeota;Lokiarchaeia;,uncultured archaeon,1420,1,1420,0,0.0,37706,1182,rev,GGAGGAAGG-====================-UAUGCCCCG,Archaea;Asgardarchaeota;Lokiarchaeia;uncultured archaeon
LOK1183_1mm,AB798538,152453,Archaea;Asgardarchaeota;Lokiarchaeia;,uncultured archaeon,1420,1,1420,0,0.0,37706,1182,rev,GGAGGAAGG-====================-UAUGCCCCG,Archaea;Asgardarchaeota;Lokiarchaeia;uncultured archaeon
LOK1183_1mm,AB798543,152458,Archaea;Asgardarchaeota;Lokiarchaeia;,uncultured archaeon,1420,1,1420,0,0.0,37706,1182,rev,GGAGGAAGG-====================-UAUGCCCCG,Archaea;Asgardarchaeota;Lokiarchaeia;uncultured archaeon
LOK1183_1mm,AB798747,152662,Archaea;Asgardarchaeota;Lokiarchaeia;,uncultured archaeon,1422,1,1422,0,0.0,37706,1182,rev,GGAGGAAGG-====================-UAUGCCCCG,Archaea;Asgardarchaeota;Lokiarchaeia;uncultured archaeon
LOK1183_1mm,AB798834,152749,Archaea;Asgardarchaeota;Lokiarchaeia;,uncultured archaeon,1420,1,1420,0,0.0,37706,1182,rev,GGAGGAAGG-====================-UAUGCCCCG,Archaea;Asgardarchaeota;Lokiarchaeia;uncultured archaeon
LOK1183_1mm,AB798856,152771,Archaea;Asgardarchaeota;Lokiarchaeia;,uncultured archaeon,1420,1,1420,1,0.2,37706,1182,rev,GGGGGAAGG-=============g======-UAUGCCCCG,Archaea;Asgardarchaeota;Lokiarchaeia;uncultured archaeon
LOK1183_1mm,AB798871,152786,Archaea;Asgardarchaeota;Lokiarchaeia;,uncultured archaeon,1420,1,1420,0,0.0,37706,1182,rev,GGAGGAAGG-====================-UAUGCCCCG,Archaea;Asgardarchaeota;Lokiarchaeia;uncultured archaeon
LOK1183_1mm,AB798908,152823,Archaea;Asgardarchaeota;Lokiarchaeia;,uncultured archaeon,1423,1,1423,0,0.0,37706,1182,rev,GGAGGAAGG-====================-UAUGCCCCG,Archaea;Asgardarchaeota;Lokiarchaeia;uncultured archaeon
LOK1183_1mm,AB799028,152943,Archaea;Asgardarchaeota;Lokiarchaeia;,uncultured archaeon,1422,1,1422,0,0.0,37706,1182,rev,GGAGGAAGG-====================-UAUGCCCCG,Archaea;Asgardarchaeota;Lokiarchaeia;uncultured archaeon
LOK1183_1mm,AB799038,152953,Archaea;Asgardarchaeota;Lokiarchaeia;,uncultured archaeon,1422,1,1422,0,0.0,37706,1182,rev,GGAGGAAGG-====================-UAUGCCCCG,Archaea;Asgardarchaeota;Lokiarchaeia;uncultured archaeon
LOK1183_1mm,AB799050,152965,Archaea;Asgardarchaeota;Lokiarchaeia;,uncultured archaeon,1422,1,1422,0,0.0,37706,1182,rev,GGAGGAAGG-====================-UAUGCCCCG,Archaea;Asgardarchaeota;Lokiarchaeia;uncultured archaeon
LOK1183_1mm,AB799111,153026,Archaea;Asgardarchaeota;Lokiarchaeia;,uncultured archaeon,1421,1,1421,0,0.0,37706,1182,rev,GGAGGAAGG-====================-UAUGCCCCG,Archaea;Asgardarchaeota;Lokiarchaeia;uncultured archaeon
LOK1183_1mm,AB799218,153133,Archaea;Asgardarchaeota;Lokiarchaeia;,uncultured archaeon,1422,1,1422,0,0.0,37706,1182,rev,GGAGGAAGG-====================-UAUGCCCCG,Archaea;Asgardarchaeota;Lokiarchaeia;uncultured archaeon
LOK1183_1mm,AB799244,153159,Archaea;Asgardarchaeota;Lokiarchaeia;,uncultured archaeon,1422,1,1422,0,0.0,37706,1182,rev,GGAGGAAGG-====================-UAUGCCCCG,Archaea;Asgardarchaeota;Lokiarchaeia;uncultured archaeon
LOK1183_1mm,AB799300,153215,Archaea;Asgardarchaeota;Lokiarchaeia;,uncultured archaeon,1423,1,1423,0,0.0,37706,1182,rev,GGAGGAAGG-====================-UAUGCCCCG,Archaea;Asgardarchaeota;Lokiarchaeia;uncultured archaeon
LOK1183_1mm,AB799303,153218,Archaea;Asgardarchaeota;Lokiarchaeia;,uncultured archaeon,1422,1,1422,0,0.0,37706,1182,rev,GGAGGAAGG-====================-UAUGCCCCG,Archaea;Asgardarchaeota;Lokiarchaeia;uncultured archaeon
LOK1183_1mm,AB799321,153236,Archaea;Asgardarchaeota;Lokiarchaeia;,uncultured archaeon,1422,1,1422,0,0.0,37706,1182,rev,GGAGGAAGG-====================-UAUGCCCCG,Archaea;Asgardarchaeota;Lokiarchaeia;uncultured archaeon
LOK1183_1mm,AB799328,153243,Archaea;Asgardarchaeota;Lokiarchaeia;,uncultured archaeon,1420,1,1420,0,0.0,37706,1182,rev,GGAGGAAGG-====================-UAUGCCCCG,Archaea;Asgardarchaeota;Lokiarchaeia;uncultured archaeon
LOK1183_1mm,AB799390,153305,Archaea;Asgardarchaeota;Lokiarchaeia;,uncultured archaeon,1420,1,1420,0,0.0,37706,1182,rev,GGAGGAAGG-====================-UAUGCCCCG,Archaea;Asgardarchaeota;Lokiarchaeia;uncultured archaeon
LOK1183_1mm,AB799397,153312,Archaea;Asgardarchaeota;Lokiarchaeia;,uncultured archaeon,1422,1,1422,0,0.0,37706,1182,rev,GGAGGAAGG-====================-UAUGCCCCG,Archaea;Asgardarchaeota;Lokiarchaeia;uncultured archaeon
LOK1183_1mm,AB799468,153383,Archaea;Asgardarchaeota;Lokiarchaeia;,uncultured archaeon,1420,1,1420,0,0.0,37706,1182,rev,GGAGGAAGG-====================-UAUGCCCCG,Archaea;Asgardarchaeota;Lokiarchaeia;uncultured archaeon
LOK1183_1mm,AB799475,153390,Archaea;Asgardarchaeota;Lokiarchaeia;,uncultured archaeon,1420,1,1420,0,0.0,37706,1182,rev,GGAAGAAGG-====================-UAUGCCCCG,Archaea;Asgardarchaeota;Lokiarchaeia;uncultured archaeon
LOK1183_1mm,AB799621,153536,Archaea;Asgardarchaeota;Lokiarchaeia;,uncultured archaeon,1422,1,1422,0,0.0,37706,1182,rev,GGAGGAAGG-====================-UAUGCCCCG,Archaea;Asgardarchaeota;Lokiarchaeia;uncultured archaeon
LOK1183_1mm,AB799710,153625,Archaea;Asgardarchaeota;Lokiarchaeia;,uncultured archaeon,1420,1,1420,0,0.0,37706,1182,rev,GGAGGAAGG-====================-UAUGCCCCG,Archaea;Asgardarchaeota;Lokiarchaeia;uncultured archaeon
LOK1183_1mm,AB799753,153668,Archaea;Asgardarchaeota;Lokiarchaeia;,uncultured archaeon,1422,1,1422,0,0.0,37706,1182,rev,GGAGGAAGG-====================-UAUGCCCCG,Archaea;Asgardarchaeota;Lokiarchaeia;uncultured archaeon
LOK1183_1mm,AB799816,153731,Archaea;Asgardarchaeota;Lokiarchaeia;,uncultured archaeon,1422,1,1422,0,0.0,37706,1182,rev,GGAGGAAGG-====================-UAUGCCCCG,Archaea;Asgardarchaeota;Lokiarchaeia;uncultured archaeon
LOK1183_1mm,AB800027,153942,Archaea;Asgardarchaeota;Lokiarchaeia;,uncultured archaeon,1422,1,1422,1,1.1,37706,1182,rev,GGAGGAAGG-=============C======-UAUGCCCCG,Archaea;Asgardarchaeota;Lokiarchaeia;uncultured archaeon
LOK1183_1mm,AB800102,154017,Archaea;Asgardarchaeota;Lokiarchaeia;,uncultured archaeon,1422,1,1422,0,0.0,37706,1182,rev,GGAGGAAGG-====================-UAUGCCCCG,Archaea;Asgardarchaeota;Lokiarchaeia;uncultured archaeon
LOK1183_1mm,AB800279,154194,Archaea;Asgardarchaeota;Lokiarchaeia;,uncultured archaeon,1422,1,1422,0,0.0,37706,1182,rev,GGAGGAAGG-====================-UAUGCCCCG,Archaea;Asgardarchaeota;Lokiarchaeia;uncultured archaeon
LOK1183_1mm,AB800349,154264,Archaea;Asgardarchaeota;Lokiarchaeia;,uncultured archaeon,1422,1,1422,0,0.0,37706,1182,rev,GGAGGAAGG-====================-UAUGCCCCG,Archaea;Asgardarchaeota;Lokiarchaeia;uncultured archaeon
LOK1183_1mm,AB800421,154336,Archaea;Asgardarchaeota;Lokiarchaeia;,uncultured archaeon,1421,1,1421,0,0.0,37706,1182,rev,GGAGGAAGG-====================-UAUGCCCCG,Archaea;Asgardarchaeota;Lokiarchaeia;uncultured archaeon
LOK1183_1mm,AB800437,154352,Archaea;Asgardarchaeota;Lokiarchaeia;,uncultured archaeon,1422,1,1422,0,0.0,37706,1182,rev,GGAGGAAGG-====================-UAUGCCCCG,Archaea;Asgardarchaeota;Lokiarchaeia;uncultured archaeon
LOK1183_1mm,AB800458,154373,Archaea;Asgardarchaeota;Lokiarchaeia;,uncultured archaeon,1422,1,1422,0,0.0,37706,1182,rev,UGAGGAAGG-====================-UAUGCCCCG,Archaea;Asgardarchaeota;Lokiarchaeia;uncultured archaeon
LOK1183_1mm,AB800459,154374,Archaea;Asgardarchaeota;Lokiarchaeia;,uncultured archaeon,1422,1,1422,0,0.0,37706,1182,rev,GGAGGAAGG-====================-UAUGCCCCG,Archaea;Asgardarchaeota;Lokiarchaeia;uncultured archaeon
LOK1183_1mm,AB800462,154377,Archaea;Asgardarchaeota;Lokiarchaeia;,uncultured archaeon,1428,1,1428,0,0.0,37706,1182,rev,GGAGGAAGG-====================-UAUGCCCCG,Archaea;Asgardarchaeota;Lokiarchaeia;uncultured archaeon
LOK1183_1mm,AB800479,154394,Archaea;Asgardarchaeota;Lokiarchaeia;,uncultured archaeon,1422,1,1422,0,0.0,37706,1182,rev,GGAGGAAGG-====================-UAUGCCCCG,Archaea;Asgardarchaeota;Lokiarchaeia;uncultured archaeon
LOK1183_1mm,AB800482,154397,Archaea;Asgardarchaeota;Lokiarchaeia;,uncultured archaeon,1422,1,1422,0,0.0,37706,1182,rev,GGAGGAAGG-====================-UAUGCCCCG,Archaea;Asgardarchaeota;Lokiarchaeia;uncultured archaeon
LOK1183_1mm,AB800496,154411,Archaea;Asgardarchaeota;Lokiarchaeia;,uncultured archaeon,1422,1,1422,0,0.0,37706,1182,rev,GGAGGAAGG-====================-UAUGCCCCG,Archaea;Asgardarchaeota;Lokiarchaeia;uncultured archaeon
LOK1183_1mm,AB800501,154416,Archaea;Asgardarchaeota;Lokiarchaeia;,uncultured archaeon,1422,1,1422,0,0.0,37706,1182,rev,GGAGGAAGG-====================-UAUGCCCCG,Archaea;Asgardarchaeota;Lokiarchaeia;uncultured archaeon
LOK1183_1mm,AB800512,154427,Archaea;Asgardarchaeota;Lokiarchaeia;,uncultured archaeon,1422,1,1422,0,0.0,37706,1182,rev,GGAGGAAGG-====================-UAUGCCCCG,Archaea;Asgardarchaeota;Lokiarchaeia;uncultured archaeon
LOK1183_1mm,AB800525,154440,Archaea;Asgardarchaeota;Lokiarchaeia;,uncultured archaeon,1422,1,1422,0,0.0,37706,1182,rev,GGAGGAAGG-====================-UAUGCCCCG,Archaea;Asgardarchaeota;Lokiarchaeia;uncultured archaeon
LOK1183_1mm,AB800527,154442,Archaea;Asgardarchaeota;Lokiarchaeia;,uncultured archaeon,1474,1,1474,0,0.0,37706,1182,rev,GGAGGAAGG-====================-UAUGCCCCG,Archaea;Asgardarchaeota;Lokiarchaeia;uncultured archaeon
LOK1183_1mm,AB800536,154451,Archaea;Asgardarchaeota;Lokiarchaeia;,uncultured archaeon,1465,1,1465,0,0.0,37706,1182,rev,GGAGGAAGG-====================-UAUGCCCCG,Archaea;Asgardarchaeota;Lokiarchaeia;uncultured archaeon
LOK1183_1mm,AB800543,154458,Archaea;Asgardarchaeota;Lokiarchaeia;,uncultured archaeon,1471,1,1471,0,0.0,37706,1182,rev,GGAGGAAGG-====================-UAUGCCCCG,Archaea;Asgardarchaeota;Lokiarchaeia;uncultured archaeon
LOK1183_1mm,AB800544,154459,Archaea;Asgardarchaeota;Lokiarchaeia;,uncultured archaeon,1422,1,1422,0,0.0,37706,1182,rev,GGAGGAAGG-====================-UAUGCCCCG,Archaea;Asgardarchaeota;Lokiarchaeia;uncultured archaeon
LOK1183_1mm,AB800548,154463,Archaea;Asgardarchaeota;Lokiarchaeia;,uncultured archaeon,1471,1,1471,0,0.0,37706,1182,rev,GGAGGAAGG-====================-UAUGCCCCG,Archaea;Asgardarchaeota;Lokiarchaeia;uncultured archaeon
LOK1183_1mm,AB800549,154464,Archaea;Asgardarchaeota;Lokiarchaeia;,uncultured archaeon,1459,1,1459,0,0.0,37706,1182,rev,GGAGGAAGG-====================-UAUGCCCCG,Archaea;Asgardarchaeota;Lokiarchaeia;uncultured archaeon
LOK1183_1mm,AB800564,154479,Archaea;Asgardarchaeota;Lokiarchaeia;,uncultured archaeon,1422,1,1422,0,0.0,37706,1182,rev,GGAGGAAGG-====================-UAUGCCCCG,Archaea;Asgardarchaeota;Lokiarchaeia;uncultured archaeon
LOK1183_1mm,AB800567,154482,Archaea;Asgardarchaeota;Lokiarchaeia;,uncultured archaeon,1497,1,1497,0,0.0,37706,1182,rev,GGAGGAAGG-====================-UAUGCCCCG,Archaea;Asgardarchaeota;Lokiarchaeia;uncultured archaeon
LOK1183_1mm,AB800568,154483,Archaea;Asgardarchaeota;Lokiarchaeia;,uncultured archaeon,1456,1,1456,0,0.0,37706,1182,rev,GGAGGAAGG-====================-UAUGCCCCG,Archaea;Asgardarchaeota;Lokiarchaeia;uncultured archaeon
LOK1183_1mm,AB800570,154485,Archaea;Asgardarchaeota;Lokiarchaeia;,uncultured archaeon,1463,1,1463,0,0.0,37706,1182,rev,GGAGGAAGG-====================-UAUGCCCCG,Archaea;Asgardarchaeota;Lokiarchaeia;uncultured archaeon
LOK1183_1mm,AB800571,154486,Archaea;Asgardarchaeota;Lokiarchaeia;,uncultured archaeon,1489,1,1489,0,0.0,37706,1182,rev,UGAGGAAGG-====================-UAUGCCCCG,Archaea;Asgardarchaeota;Lokiarchaeia;uncultured archaeon
LOK1183_1mm,AB800572,154487,Archaea;Asgardarchaeota;Lokiarchaeia;,uncultured archaeon,1425,1,1425,0,0.0,37706,1182,rev,UGAGGAAGG-====================-UAUGCCCCG,Archaea;Asgardarchaeota;Lokiarchaeia;uncultured archaeon
LOK1183_1mm,AB800573,154488,Archaea;Asgardarchaeota;Lokiarchaeia;,uncultured archaeon,1460,1,1460,0,0.0,37706,1182,rev,UGAGGAAGG-====================-UAUGCCCCG,Archaea;Asgardarchaeota;Lokiarchaeia;uncultured archaeon
LOK1183_1mm,AB800576,154491,Archaea;Asgardarchaeota;Lokiarchaeia;,uncultured archaeon,1422,1,1422,0,0.0,37706,1182,rev,GGAGGAAGG-====================-UAUGCCCCG,Archaea;Asgardarchaeota;Lokiarchaeia;uncultured archaeon
LOK1183_1mm,AB800582,154497,Archaea;Asgardarchaeota;Lokiarchaeia;,uncultured archaeon,1422,1,1422,0,0.0,37706,1182,rev,GGAGGAAGG-====================-UAUGCCCCG,Archaea;Asgardarchaeota;Lokiarchaeia;uncultured archaeon
LOK1183_1mm,AB800586,154501,Archaea;Asgardarchaeota;Lokiarchaeia;,uncultured archaeon,1422,1,1422,0,0.0,37706,1182,rev,GGAGGAAGG-====================-UAUGCCCCG,Archaea;Asgardarchaeota;Lokiarchaeia;uncultured archaeon
LOK1183_1mm,AB800587,154502,Archaea;Asgardarchaeota;Lokiarchaeia;,uncultured archaeon,1422,1,1422,0,0.0,37706,1182,rev,GGAGGAAGG-====================-UAUGCCCCG,Archaea;Asgardarchaeota;Lokiarchaeia;uncultured archaeon
LOK1183_1mm,AB800589,154504,Archaea;Asgardarchaeota;Lokiarchaeia;,uncultured archaeon,1421,1,1421,0,0.0,37706,1182,rev,GGAGGAAGG-====================-UAUGCCCCG,Archaea;Asgardarchaeota;Lokiarchaeia;uncultured archaeon
LOK1183_1mm,AB800593,154508,Archaea;Asgardarchaeota;Lokiarchaeia;,uncultured archaeon,1422,1,1422,0,0.0,37706,1182,rev,GGAGGAAGG-====================-UAUGCCCCG,Archaea;Asgardarchaeota;Lokiarchaeia;uncultured archaeon
LOK1183_1mm,AB800595,154510,Archaea;Asgardarchaeota;Lokiarchaeia;,uncultured archaeon,1460,1,1460,0,0.0,37706,1182,rev,UGAGGAAGG-====================-UAUGCCCCG,Archaea;Asgardarchaeota;Lokiarchaeia;uncultured archaeon
LOK1183_1mm,AB800596,154511,Archaea;Asgardarchaeota;Lokiarchaeia;,uncultured archaeon,1460,1,1460,0,0.0,37706,1182,rev,UGAGGAAGG-====================-UAUGCCCCG,Archaea;Asgardarchaeota;Lokiarchaeia;uncultured archaeon
LOK1183_1mm,AB800597,154512,Archaea;Asgardarchaeota;Lokiarchaeia;,uncultured archaeon,1422,1,1422,0,0.0,37706,1182,rev,GGAGGAAGG-====================-UAUGCCCCG,Archaea;Asgardarchaeota;Lokiarchaeia;uncultured archaeon
LOK1183_1mm,AB800598,154513,Archaea;Asgardarchaeota;Lokiarchaeia;,uncultured archaeon,1422,1,1422,0,0.0,37706,1182,rev,GGAGGAAGG-====================-UAUGCCCCG,Archaea;Asgardarchaeota;Lokiarchaeia;uncultured archaeon
LOK1183_1mm,AB800599,154514,Archaea;Asgardarchaeota;Lokiarchaeia;,uncultured archaeon,1423,1,1423,0,0.0,37706,1182,rev,GGAGGAAGG-====================-UAUGCCCCG,Archaea;Asgardarchaeota;Lokiarchaeia;uncultured archaeon
LOK1183_1mm,AB800602,154517,Archaea;Asgardarchaeota;Lokiarchaeia;,uncultured archaeon,1422,1,1422,0,0.0,37706,1182,rev,GGAGGAAGG-====================-UAUGCCCCG,Archaea;Asgardarchaeota;Lokiarchaeia;uncultured archaeon
LOK1183_1mm,AB800603,154518,Archaea;Asgardarchaeota;Lokiarchaeia;,uncultured archaeon,1420,1,1420,0,0.0,37706,1182,rev,GGAGGAAGG-====================-UAUGCCCCG,Archaea;Asgardarchaeota;Lokiarchaeia;uncultured archaeon
LOK1183_1mm,AB800607,154522,Archaea;Asgardarchaeota;Lokiarchaeia;,uncultured archaeon,1465,1,1465,0,0.0,37706,1182,rev,GGGGGAAGG-====================-UAUGCCCCG,Archaea;Asgardarchaeota;Lokiarchaeia;uncultured archaeon
LOK1183_1mm,AB800608,154523,Archaea;Asgardarchaeota;Lokiarchaeia;,uncultured archaeon,1422,1,1422,0,0.0,37706,1182,rev,GGAGGAAGG-====================-UAUGCCCCG,Archaea;Asgardarchaeota;Lokiarchaeia;uncultured archaeon
LOK1183_1mm,AB800610,154525,Archaea;Asgardarchaeota;Lokiarchaeia;,uncultured archaeon,1450,1,1450,0,0.0,37706,1182,rev,GGAGGAAGG-====================-UAUGCCCCG,Archaea;Asgardarchaeota;Lokiarchaeia;uncultured archaeon
LOK1183_1mm,AB800612,154527,Archaea;Asgardarchaeota;Lokiarchaeia;,uncultured archaeon,1422,1,1422,0,0.0,37706,1182,rev,GGAUGAAGG-====================-UAUGCCCCG,Archaea;Asgardarchaeota;Lokiarchaeia;uncultured archaeon
LOK1183_1mm,AB800613,154528,Archaea;Asgardarchaeota;Lokiarchaeia;,uncultured archaeon,1422,1,1422,0,0.0,37706,1182,rev,GGAGGAAGG-====================-UAUGCCCCG,Archaea;Asgardarchaeota;Lokiarchaeia;uncultured archaeon
LOK1183_1mm,AB800616,154531,Archaea;Asgardarchaeota;Lokiarchaeia;,uncultured archaeon,1429,1,1429,0,0.0,37706,1182,rev,GGAGGAAGG-====================-UAUGCCCCG,Archaea;Asgardarchaeota;Lokiarchaeia;uncultured archaeon
LOK1183_1mm,AB800617,154532,Archaea;Asgardarchaeota;Lokiarchaeia;,uncultured archaeon,1422,1,1422,0,0.0,37706,1182,rev,GGAGGAAGG-====================-UAUGCCCCG,Archaea;Asgardarchaeota;Lokiarchaeia;uncultured archaeon
LOK1183_1mm,AB800618,154533,Archaea;Asgardarchaeota;Lokiarchaeia;,uncultured archaeon,1422,1,1422,0,0.0,37706,1182,rev,GGAGGAAGG-====================-UAUGCCCCG,Archaea;Asgardarchaeota;Lokiarchaeia;uncultured archaeon
LOK1183_1mm,AB800619,154534,Archaea;Asgardarchaeota;Lokiarchaeia;,uncultured archaeon,1423,1,1423,1,1.1,37706,1182,rev,GGAGGAAGG-=======C============-UAUGCCCCG,Archaea;Asgardarchaeota;Lokiarchaeia;uncultured archaeon
LOK1183_1mm,AB800620,154535,Archaea;Asgardarchaeota;Lokiarchaeia;,uncultured archaeon,1467,1,1467,0,0.0,37706,1182,rev,GGAGGAAGG-====================-UAUGCCCCG,Archaea;Asgardarchaeota;Lokiarchaeia;uncultured archaeon
LOK1183_1mm,AB800621,154536,Archaea;Asgardarchaeota;Lokiarchaeia;,uncultured archaeon,1422,1,1422,0,0.0,37706,1182,rev,GGAGGAAGG-====================-UAUGCCCCG,Archaea;Asgardarchaeota;Lokiarchaeia;uncultured archaeon
LOK1183_1mm,AB800622,154537,Archaea;Asgardarchaeota;Lokiarchaeia;,uncultured archaeon,1422,1,1422,0,0.0,37706,1182,rev,GGAGGAAGG-====================-UAUGCCCCG,Archaea;Asgardarchaeota;Lokiarchaeia;uncultured archaeon
LOK1183_1mm,AF119132,202190,Archaea;Asgardarchaeota;Lokiarchaeia;,uncultured archaeon CRA4-23cm,1096,1,1096,0,0.0,37706,1182,rev,GGAGGAAGG-====================-UAUGCCCCG,Archaea;Asgardarchaeota;Lokiarchaeia;uncultured archaeon CRA4-23cm
LOK1183_1mm,AF412942,223175,Archaea;Asgardarchaeota;Lokiarchaeia;,uncultured crenarchaeote,1405,1,1405,0,0.0,37706,1182,rev,GGAGGAAGG-====================-UAUGCCCCG,Archaea;Asgardarchaeota;Lokiarchaeia;uncultured crenarchaeote
LOK1183_1mm,AF412944,223177,Archaea;Asgardarchaeota;Lokiarchaeia;,uncultured crenarchaeote,1324,1,1324,0,0.0,37706,1182,rev,GGAGGAAGG-====================-UAUGCCCCG,Archaea;Asgardarchaeota;Lokiarchaeia;uncultured crenarchaeote
LOK1183_1mm,AJ578127,263595,Archaea;Asgardarchaeota;Lokiarchaeia;,uncultured archaeon,1367,1,1367,0,0.0,37706,1182,rev,GGAGGAAGG-====================-UAUGCCCCG,Archaea;Asgardarchaeota;Lokiarchaeia;uncultured archaeon
LOK1183_1mm,AJ578139,263607,Archaea;Asgardarchaeota;Lokiarchaeia;,uncultured archaeon,1368,1,1368,0,0.0,37706,1182,rev,GGAGGAAGG-====================-UAUGCCCCG,Archaea;Asgardarchaeota;Lokiarchaeia;uncultured archaeon
LOK1183_1mm,AJ578142,263610,Archaea;Asgardarchaeota;Lokiarchaeia;,uncultured archaeon,1369,1,1369,0,0.0,37706,1182,rev,GGAGGAAGG-====================-UAUGCCCCG,Archaea;Asgardarchaeota;Lokiarchaeia;uncultured archaeon
LOK1183_1mm,AJ578144,263612,Archaea;Asgardarchaeota;Lokiarchaeia;,uncultured archaeon,1428,1,1428,0,0.0,37706,1182,rev,GGAGGAAGG-====================-UAUGCCCCG,Archaea;Asgardarchaeota;Lokiarchaeia;uncultured archaeon
LOK1183_1mm,AY454593,379853,Archaea;Asgardarchaeota;Lokiarchaeia;,uncultured crenarchaeote,1050,1,1050,0,0.0,37706,1182,rev,GGAGGAAGG-====================-UAUGCCCCG,Archaea;Asgardarchaeota;Lokiarchaeia;uncultured crenarchaeote
LOK1183_1mm,AY591981,395264,Archaea;Asgardarchaeota;Lokiarchaeia;,uncultured archaeon,1219,1,1219,1,1.5,37706,1182,rev,GGAGGAAGG-===A================-UAUGCCCCG,Archaea;Asgardarchaeota;Lokiarchaeia;uncultured archaeon
LOK1183_1mm,AY592005,395288,Archaea;Asgardarchaeota;Lokiarchaeia;,uncultured archaeon,1218,1,1218,0,0.0,37706,1182,rev,GGAGGAAGG-====================-UAUGUUCUG,Archaea;Asgardarchaeota;Lokiarchaeia;uncultured archaeon
LOK1183_1mm,AY592232,395511,Archaea;Asgardarchaeota;Lokiarchaeia;,uncultured archaeon,1246,1,1246,1,1.5,37706,1182,rev,GGAGGAAGG-===C================-UAUGCCCCG,Archaea;Asgardarchaeota;Lokiarchaeia;uncultured archaeon
LOK1183_1mm,AY592233,395512,Archaea;Asgardarchaeota;Lokiarchaeia;,uncultured archaeon,1253,1,1253,0,0.0,37706,1182,rev,GGAGGAAGG-====================-UAUGCCCCG,Archaea;Asgardarchaeota;Lokiarchaeia;uncultured archaeon
LOK1183_1mm,AY592235,395514,Archaea;Asgardarchaeota;Lokiarchaeia;,uncultured archaeon,1278,1,1278,0,0.0,37706,1182,rev,GGAGGAAGG-====================-UAUGCCCCG,Archaea;Asgardarchaeota;Lokiarchaeia;uncultured archaeon
LOK1183_1mm,AY592236,395515,Archaea;Asgardarchaeota;Lokiarchaeia;,uncultured archaeon,1239,1,1239,0,0.0,37706,1182,rev,GGAGGAAGG-====================-UAUGCCCCG,Archaea;Asgardarchaeota;Lokiarchaeia;uncultured archaeon
LOK1183_1mm,AY592239,395518,Archaea;Asgardarchaeota;Lokiarchaeia;,uncultured archaeon,1266,1,1266,0,0.0,37706,1182,rev,GGAGGAAGG-====================-UAUGCCCCG,Archaea;Asgardarchaeota;Lokiarchaeia;uncultured archaeon
LOK1183_1mm,AY592241,395520,Archaea;Asgardarchaeota;Lokiarchaeia;,uncultured archaeon,1272,1,1272,0,0.0,37706,1182,rev,GGAGGAAGG-====================-UAUGCCCCG,Archaea;Asgardarchaeota;Lokiarchaeia;uncultured archaeon
LOK1183_1mm,AY592242,395521,Archaea;Asgardarchaeota;Lokiarchaeia;,uncultured archaeon,1261,1,1261,0,0.0,37706,1182,rev,GGAGGAAGG-====================-UAUGCCCCG,Archaea;Asgardarchaeota;Lokiarchaeia;uncultured archaeon
LOK1183_1mm,AY592488,395762,Archaea;Asgardarchaeota;Lokiarchaeia;,uncultured archaeon,1256,1,1256,0,0.0,37706,1182,rev,GGAGGAAGG-====================-UAUGCCCCG,Archaea;Asgardarchaeota;Lokiarchaeia;uncultured archaeon
LOK1183_1mm,AY592497,395771,Archaea;Asgardarchaeota;Lokiarchaeia;,uncultured archaeon,1264,1,1264,0,0.0,37706,1182,rev,GGAGGAAGG-====================-UAUGCCCCG,Archaea;Asgardarchaeota;Lokiarchaeia;uncultured archaeon
LOK1183_1mm,AY592501,395775,Archaea;Asgardarchaeota;Lokiarchaeia;,uncultured archaeon,1237,1,1237,0,0.0,37706,1182,rev,GGAGGAAGG-====================-UAUGCCCCG,Archaea;Asgardarchaeota;Lokiarchaeia;uncultured archaeon
LOK1183_1mm,AY592502,395776,Archaea;Asgardarchaeota;Lokiarchaeia;,uncultured archaeon,1298,1,1298,0,0.0,37706,1182,rev,GGAGGAAGG-====================-UAUGCCCCG,Archaea;Asgardarchaeota;Lokiarchaeia;uncultured archaeon
LOK1183_1mm,AY592512,395786,Archaea;Asgardarchaeota;Lokiarchaeia;,uncultured archaeon,1162,1,1162,0,0.0,37706,1182,rev,GGAGGAAGG-====================-UAUGCCCCG,Archaea;Asgardarchaeota;Lokiarchaeia;uncultured archaeon
LOK1183_1mm,AY592540,395814,Archaea;Asgardarchaeota;Lokiarchaeia;,uncultured archaeon,1309,1,1309,0,0.0,37706,1182,rev,GGAGGAAGG-====================-UAUGCCCCG,Archaea;Asgardarchaeota;Lokiarchaeia;uncultured archaeon
LOK1183_1mm,AY835411,422943,Archaea;Asgardarchaeota;Lokiarchaeia;,uncultured archaeon,1460,1,1460,0,0.0,37706,1182,rev,GGAGGAAGG-====================-UAUGCCCCG,Archaea;Asgardarchaeota;Lokiarchaeia;uncultured archaeon
LOK1183_1mm,DQ058814,528315,Archaea;Asgardarchaeota;Lokiarchaeia;,uncultured archaeon,1353,1,1353,0,0.0,37706,1182,rev,GGAGGAAGG-====================-UAUGCCCCG,Archaea;Asgardarchaeota;Lokiarchaeia;uncultured archaeon
LOK1183_1mm,DQ397349,575829,Archaea;Asgardarchaeota;Lokiarchaeia;,uncultured archaeon,1273,1,1273,0,0.0,37706,1182,rev,GGAGGAAGG-====================-UAUGCCCCG,Archaea;Asgardarchaeota;Lokiarchaeia;uncultured archaeon
LOK1183_1mm,DQ522936,596184,Archaea;Asgardarchaeota;Lokiarchaeia;,uncultured archaeon,1378,1,1378,0,0.0,37706,1182,rev,GGAGGAAGG-====================-UAUGCCCCG,Archaea;Asgardarchaeota;Lokiarchaeia;uncultured archaeon
LOK1183_1mm,DQ522942,596190,Archaea;Asgardarchaeota;Lokiarchaeia;,uncultured archaeon,1383,1,1383,0,0.0,37706,1182,rev,GGAGGAAGG-====================-UAUGCCCCG,Archaea;Asgardarchaeota;Lokiarchaeia;uncultured archaeon
LOK1183_1mm,EF687551,779813,Archaea;Asgardarchaeota;Lokiarchaeia;,uncultured archaeon,1333,1,1333,0,0.0,37706,1182,rev,GGAGGAAGG-====================-UAUGCCCCG,Archaea;Asgardarchaeota;Lokiarchaeia;uncultured archaeon
LOK1183_1mm,EU731651,976402,Archaea;Asgardarchaeota;Lokiarchaeia;,uncultured crenarchaeote,1291,1,1291,0,0.0,37706,1182,rev,GGAGGAAGG-====================-UAUGCCCCG,Archaea;Asgardarchaeota;Lokiarchaeia;uncultured crenarchaeote
LOK1183_1mm,EU731652,976403,Archaea;Asgardarchaeota;Lokiarchaeia;,uncultured crenarchaeote,1028,1,1028,1,0.2,37706,1182,rev,GGAGGAAGG-=======g============-UAUGCCCCG,Archaea;Asgardarchaeota;Lokiarchaeia;uncultured crenarchaeote
LOK1183_1mm,EU731662,976413,Archaea;Asgardarchaeota;Lokiarchaeia;,uncultured crenarchaeote,1208,1,1208,0,0.0,37706,1182,rev,GGAGGAAGG-====================-UAUGCCCCG,Archaea;Asgardarchaeota;Lokiarchaeia;uncultured crenarchaeote
LOK1183_1mm,EU731670,976421,Archaea;Asgardarchaeota;Lokiarchaeia;,uncultured crenarchaeote,1229,1,1229,0,0.0,37706,1182,rev,GGAGGAAGG-====================-UAUGCCCCG,Archaea;Asgardarchaeota;Lokiarchaeia;uncultured crenarchaeote
LOK1183_1mm,EU731672,976423,Archaea;Asgardarchaeota;Lokiarchaeia;,uncultured crenarchaeote,1245,1,1245,0,0.0,37706,1182,rev,GGAGGAAGG-====================-UAUGCCCCG,Archaea;Asgardarchaeota;Lokiarchaeia;uncultured crenarchaeote
LOK1183_1mm,EU731691,976442,Archaea;Asgardarchaeota;Lokiarchaeia;,uncultured crenarchaeote,1249,1,1249,0,0.0,37706,1182,rev,UGAGGAAGG-====================-UAUGCCCCG,Archaea;Asgardarchaeota;Lokiarchaeia;uncultured crenarchaeote
LOK1183_1mm,EU731692,976443,Archaea;Asgardarchaeota;Lokiarchaeia;,uncultured crenarchaeote,1033,1,1033,1,0.2,37706,1182,rev,GGAGGAAGG-=======g============-UAUGCCCCG,Archaea;Asgardarchaeota;Lokiarchaeia;uncultured crenarchaeote
LOK1183_1mm,EU731697,976448,Archaea;Asgardarchaeota;Lokiarchaeia;,uncultured crenarchaeote,1172,1,1172,0,0.0,37706,1182,rev,GGAGGAAGG-====================-UAUGCCCCG,Archaea;Asgardarchaeota;Lokiarchaeia;uncultured crenarchaeote
LOK1183_1mm,EU731703,976454,Archaea;Asgardarchaeota;Lokiarchaeia;,uncultured crenarchaeote,1236,1,1236,0,0.0,37706,1182,rev,GGAGGAAGG-====================-UAUGCCCCG,Archaea;Asgardarchaeota;Lokiarchaeia;uncultured crenarchaeote
LOK1183_1mm,EU731714,976465,Archaea;Asgardarchaeota;Lokiarchaeia;,uncultured crenarchaeote,1247,1,1247,0,0.0,37706,1182,rev,GGAGGAAGG-====================-UAUGCCCCG,Archaea;Asgardarchaeota;Lokiarchaeia;uncultured crenarchaeote
LOK1183_1mm,EU731717,976468,Archaea;Asgardarchaeota;Lokiarchaeia;,uncultured crenarchaeote,1254,1,1254,0,0.0,37706,1182,rev,GGCGGAGGG-====================-UAUGCCCCG,Archaea;Asgardarchaeota;Lokiarchaeia;uncultured crenarchaeote
LOK1183_1mm,EU731721,976472,Archaea;Asgardarchaeota;Lokiarchaeia;,uncultured crenarchaeote,1289,1,1289,0,0.0,37706,1182,rev,GGAGGAAGG-====================-UAUGCCCCG,Archaea;Asgardarchaeota;Lokiarchaeia;uncultured crenarchaeote
LOK1183_1mm,EU731722,976473,Archaea;Asgardarchaeota;Lokiarchaeia;,uncultured crenarchaeote,1251,1,1251,0,0.0,37706,1182,rev,GGAGGAAGG-====================-UAUGCCCCG,Archaea;Asgardarchaeota;Lokiarchaeia;uncultured crenarchaeote
LOK1183_1mm,EU731730,976481,Archaea;Asgardarchaeota;Lokiarchaeia;,uncultured crenarchaeote,1080,1,1080,1,0.2,37706,1182,rev,GGAGGAAGG-g===================-UAUGCCCCG,Archaea;Asgardarchaeota;Lokiarchaeia;uncultured crenarchaeote
LOK1183_1mm,EU731737,976488,Archaea;Asgardarchaeota;Lokiarchaeia;,uncultured crenarchaeote,1226,1,1226,1,0.2,37706,1182,rev,GGAGGAAGG-=======g============-UAUGCCCCG,Archaea;Asgardarchaeota;Lokiarchaeia;uncultured crenarchaeote
LOK1183_1mm,EU731739,976490,Archaea;Asgardarchaeota;Lokiarchaeia;,uncultured crenarchaeote,1183,1,1183,0,0.0,37706,1182,rev,GGAGGAGGG-====================-UAUGCCCCG,Archaea;Asgardarchaeota;Lokiarchaeia;uncultured crenarchaeote
LOK1183_1mm,EU731741,976492,Archaea;Asgardarchaeota;Lokiarchaeia;,uncultured crenarchaeote,1268,1,1268,0,0.0,37706,1182,rev,GGAGGAAGG-====================-UAUGCCCCG,Archaea;Asgardarchaeota;Lokiarchaeia;uncultured crenarchaeote
LOK1183_1mm,EU731742,976493,Archaea;Asgardarchaeota;Lokiarchaeia;,uncultured crenarchaeote,1271,1,1271,0,0.0,37706,1182,rev,GGAGGAAGG-====================-UAUGCCCCG,Archaea;Asgardarchaeota;Lokiarchaeia;uncultured crenarchaeote
LOK1183_1mm,EU731746,976497,Archaea;Asgardarchaeota;Lokiarchaeia;,uncultured crenarchaeote,1260,1,1260,0,0.0,37706,1182,rev,GGAGGAAGG-====================-UAUGCCCCG,Archaea;Asgardarchaeota;Lokiarchaeia;uncultured crenarchaeote
LOK1183_1mm,EU731750,976501,Archaea;Asgardarchaeota;Lokiarchaeia;,uncultured crenarchaeote,1237,1,1237,0,0.0,37706,1182,rev,GGAGGAAGG-====================-UAUGCCCCG,Archaea;Asgardarchaeota;Lokiarchaeia;uncultured crenarchaeote
LOK1183_1mm,EU731752,976503,Archaea;Asgardarchaeota;Lokiarchaeia;,uncultured crenarchaeote,1227,1,1227,0,0.0,37706,1182,rev,GGAGGAAGG-====================-UAUGCCCCG,Archaea;Asgardarchaeota;Lokiarchaeia;uncultured crenarchaeote
LOK1183_1mm,EU731759,976510,Archaea;Asgardarchaeota;Lokiarchaeia;,uncultured crenarchaeote,1245,1,1245,0,0.0,37706,1182,rev,GGAGGAAGG-====================-UAUGCCCCG,Archaea;Asgardarchaeota;Lokiarchaeia;uncultured crenarchaeote
LOK1183_1mm,EU731762,976513,Archaea;Asgardarchaeota;Lokiarchaeia;,uncultured crenarchaeote,1265,1,1265,0,0.0,37706,1182,rev,GGAGGAAGG-====================-UAUGCCCCG,Archaea;Asgardarchaeota;Lokiarchaeia;uncultured crenarchaeote
LOK1183_1mm,EU731763,976514,Archaea;Asgardarchaeota;Lokiarchaeia;,uncultured crenarchaeote,1215,1,1215,1,0.2,37706,1182,rev,GGAGGAAGG-=======g============-UAUGCCCCG,Archaea;Asgardarchaeota;Lokiarchaeia;uncultured crenarchaeote
LOK1183_1mm,EU731769,976520,Archaea;Asgardarchaeota;Lokiarchaeia;,uncultured crenarchaeote,1257,1,1257,0,0.0,37706,1182,rev,GGAGGAAGG-====================-UAUGCCCCG,Archaea;Asgardarchaeota;Lokiarchaeia;uncultured crenarchaeote
LOK1183_1mm,EU731774,976525,Archaea;Asgardarchaeota;Lokiarchaeia;,uncultured crenarchaeote,1207,1,1207,0,0.0,37706,1182,rev,GGAGGAAGG-====================-UAUGCCCCG,Archaea;Asgardarchaeota;Lokiarchaeia;uncultured crenarchaeote
LOK1183_1mm,EU731784,976535,Archaea;Asgardarchaeota;Lokiarchaeia;,uncultured crenarchaeote,1234,1,1234,1,1.1,37706,1182,rev,GGAGGAAGG-================C===-UAUGCCCCG,Archaea;Asgardarchaeota;Lokiarchaeia;uncultured crenarchaeote
LOK1183_1mm,EU731786,976537,Archaea;Asgardarchaeota;Lokiarchaeia;,uncultured crenarchaeote,1243,1,1243,0,0.0,37706,1182,rev,GGAGGAAGG-====================-UAUGCCCCG,Archaea;Asgardarchaeota;Lokiarchaeia;uncultured crenarchaeote
LOK1183_1mm,EU731798,976549,Archaea;Asgardarchaeota;Lokiarchaeia;,uncultured crenarchaeote,1231,1,1231,0,0.0,37706,1182,rev,GGAGGAAGG-====================-UAUGCCCCG,Archaea;Asgardarchaeota;Lokiarchaeia;uncultured crenarchaeote
LOK1183_1mm,EU731801,976552,Archaea;Asgardarchaeota;Lokiarchaeia;,uncultured crenarchaeote,1351,1,1351,0,0.0,37706,1182,rev,GGAGGAAGG-====================-UAUGCCCCG,Archaea;Asgardarchaeota;Lokiarchaeia;uncultured crenarchaeote
LOK1183_1mm,EU731813,976564,Archaea;Asgardarchaeota;Lokiarchaeia;,uncultured crenarchaeote,1254,1,1254,0,0.0,37706,1182,rev,GGAGGAAGG-====================-UAUGCCCCG,Archaea;Asgardarchaeota;Lokiarchaeia;uncultured crenarchaeote
LOK1183_1mm,EU731815,976566,Archaea;Asgardarchaeota;Lokiarchaeia;,uncultured crenarchaeote,1250,1,1250,0,0.0,37706,1182,rev,GGAGGAAGG-====================-UAUGCCCCG,Archaea;Asgardarchaeota;Lokiarchaeia;uncultured crenarchaeote
LOK1183_1mm,EU731825,976576,Archaea;Asgardarchaeota;Lokiarchaeia;,uncultured crenarchaeote,1174,1,1174,0,0.0,37706,1182,rev,GGAGGAAGG-====================-UAUGCCCCG,Archaea;Asgardarchaeota;Lokiarchaeia;uncultured crenarchaeote
LOK1183_1mm,EU731840,976591,Archaea;Asgardarchaeota;Lokiarchaeia;,uncultured crenarchaeote,1268,1,1268,0,0.0,37706,1182,rev,GGAGGAAGG-====================-UAUGCCCCG,Archaea;Asgardarchaeota;Lokiarchaeia;uncultured crenarchaeote
LOK1183_1mm,EU731843,976594,Archaea;Asgardarchaeota;Lokiarchaeia;,uncultured crenarchaeote,1174,1,1174,0,0.0,37706,1182,rev,GGAGGAAGG-====================-UAUGCCCCG,Archaea;Asgardarchaeota;Lokiarchaeia;uncultured crenarchaeote
LOK1183_1mm,EU731851,976602,Archaea;Asgardarchaeota;Lokiarchaeia;,uncultured crenarchaeote,1241,1,1241,0,0.0,37706,1182,rev,GGAGGAAGG-====================-UAUGCCCCG,Archaea;Asgardarchaeota;Lokiarchaeia;uncultured crenarchaeote
LOK1183_1mm,EU731862,976613,Archaea;Asgardarchaeota;Lokiarchaeia;,uncultured crenarchaeote,1256,1,1256,0,0.0,37706,1182,rev,GGAGGAAGG-====================-UAUGCCCCG,Archaea;Asgardarchaeota;Lokiarchaeia;uncultured crenarchaeote
LOK1183_1mm,EU731863,976614,Archaea;Asgardarchaeota;Lokiarchaeia;,uncultured crenarchaeote,1015,1,1015,0,0.0,37706,1182,rev,GGAGGAAGG-====================-UAUGCCCCG,Archaea;Asgardarchaeota;Lokiarchaeia;uncultured crenarchaeote
LOK1183_1mm,EU731865,976616,Archaea;Asgardarchaeota;Lokiarchaeia;,uncultured crenarchaeote,1175,1,1175,0,0.0,37706,1182,rev,GGAGGAAGG-====================-UAUGCCCCG,Archaea;Asgardarchaeota;Lokiarchaeia;uncultured crenarchaeote
LOK1183_1mm,EU731866,976617,Archaea;Asgardarchaeota;Lokiarchaeia;,uncultured crenarchaeote,1250,1,1250,0,0.0,37706,1182,rev,GGAGGAAGG-====================-UAUGCCCCG,Archaea;Asgardarchaeota;Lokiarchaeia;uncultured crenarchaeote
LOK1183_1mm,EU731867,976618,Archaea;Asgardarchaeota;Lokiarchaeia;,uncultured crenarchaeote,1237,1,1237,0,0.0,37706,1182,rev,GGAGGAAGG-====================-UAUGCCCCG,Archaea;Asgardarchaeota;Lokiarchaeia;uncultured crenarchaeote
LOK1183_1mm,EU731876,976627,Archaea;Asgardarchaeota;Lokiarchaeia;,uncultured crenarchaeote,1246,1,1246,0,0.0,37706,1182,rev,GGAGGAAGG-====================-UAUGCCCCG,Archaea;Asgardarchaeota;Lokiarchaeia;uncultured crenarchaeote
LOK1183_1mm,EU731880,976631,Archaea;Asgardarchaeota;Lokiarchaeia;,uncultured crenarchaeote,1190,1,1190,0,0.0,37706,1182,rev,GGAGGAAGG-====================-UAUGCCCCG,Archaea;Asgardarchaeota;Lokiarchaeia;uncultured crenarchaeote
LOK1183_1mm,EU731895,976646,Archaea;Asgardarchaeota;Lokiarchaeia;,uncultured crenarchaeote,1231,1,1231,0,0.0,37706,1182,rev,GGAGGAAGG-====================-UAUGCCCCG,Archaea;Asgardarchaeota;Lokiarchaeia;uncultured crenarchaeote
LOK1183_1mm,EU731905,976656,Archaea;Asgardarchaeota;Lokiarchaeia;,uncultured crenarchaeote,1269,1,1269,0,0.0,37706,1182,rev,GGAGGAAGG-====================-UAUGCCCCG,Archaea;Asgardarchaeota;Lokiarchaeia;uncultured crenarchaeote
LOK1183_1mm,EU731906,976657,Archaea;Asgardarchaeota;Lokiarchaeia;,uncultured crenarchaeote,1249,1,1249,0,0.0,37706,1182,rev,GGAGGAAGG-====================-UAUGCCCCG,Archaea;Asgardarchaeota;Lokiarchaeia;uncultured crenarchaeote
LOK1183_1mm,EU731928,976679,Archaea;Asgardarchaeota;Lokiarchaeia;,uncultured crenarchaeote,1268,1,1268,0,0.0,37706,1182,rev,GGAGGAGGG-====================-UAUGCCCCG,Archaea;Asgardarchaeota;Lokiarchaeia;uncultured crenarchaeote
LOK1183_1mm,EU731945,976696,Archaea;Asgardarchaeota;Lokiarchaeia;,uncultured crenarchaeote,1036,1,1036,0,0.0,37706,1182,rev,GGAGGAAGG-====================-UAUGCCCCG,Archaea;Asgardarchaeota;Lokiarchaeia;uncultured crenarchaeote
LOK1183_1mm,EU731946,976697,Archaea;Asgardarchaeota;Lokiarchaeia;,uncultured crenarchaeote,1249,1,1249,0,0.0,37706,1182,rev,GGAGGAAGG-====================-UAUGCCCCG,Archaea;Asgardarchaeota;Lokiarchaeia;uncultured crenarchaeote
LOK1183_1mm,EU731948,976699,Archaea;Asgardarchaeota;Lokiarchaeia;,uncultured crenarchaeote,1271,1,1271,0,0.0,37706,1182,rev,GGAGGAGGG-====================-UAUGCCCCG,Archaea;Asgardarchaeota;Lokiarchaeia;uncultured crenarchaeote
LOK1183_1mm,EU731961,976712,Archaea;Asgardarchaeota;Lokiarchaeia;,uncultured crenarchaeote,1242,1,1242,0,0.0,37706,1182,rev,GGAGGAGGG-====================-UAUGCCCCG,Archaea;Asgardarchaeota;Lokiarchaeia;uncultured crenarchaeote
LOK1183_1mm,EU731983,976733,Archaea;Asgardarchaeota;Lokiarchaeia;,uncultured crenarchaeote,1032,1,1032,0,0.0,37706,1182,rev,GGAGGAAGG-====================-UAUGCCCCG,Archaea;Asgardarchaeota;Lokiarchaeia;uncultured crenarchaeote
LOK1183_1mm,EU731987,976737,Archaea;Asgardarchaeota;Lokiarchaeia;,uncultured crenarchaeote,1274,1,1274,0,0.0,37706,1182,rev,GGAGGAAGG-====================-UAUGCCCCG,Archaea;Asgardarchaeota;Lokiarchaeia;uncultured crenarchaeote
LOK1183_1mm,EU731989,976739,Archaea;Asgardarchaeota;Lokiarchaeia;,uncultured crenarchaeote,1232,1,1232,0,0.0,37706,1182,rev,GGAGGAAGG-====================-UAUGCCCCG,Archaea;Asgardarchaeota;Lokiarchaeia;uncultured crenarchaeote
LOK1183_1mm,EU731995,976745,Archaea;Asgardarchaeota;Lokiarchaeia;,uncultured crenarchaeote,1194,1,1194,0,0.0,37706,1182,rev,GGAGGAAGG-====================-UAUGCCCCG,Archaea;Asgardarchaeota;Lokiarchaeia;uncultured crenarchaeote
LOK1183_1mm,EU732019,976769,Archaea;Asgardarchaeota;Lokiarchaeia;,uncultured crenarchaeote,1239,1,1239,0,0.0,37706,1182,rev,GGAGGAAGG-====================-UAUGCCCCG,Archaea;Asgardarchaeota;Lokiarchaeia;uncultured crenarchaeote
LOK1183_1mm,EU732021,976771,Archaea;Asgardarchaeota;Lokiarchaeia;,uncultured crenarchaeote,1269,1,1269,0,0.0,37706,1182,rev,GGAGGAAGG-====================-UAUGCCCCG,Archaea;Asgardarchaeota;Lokiarchaeia;uncultured crenarchaeote
LOK1183_1mm,EU732023,976773,Archaea;Asgardarchaeota;Lokiarchaeia;,uncultured crenarchaeote,1228,1,1228,0,0.0,37706,1182,rev,GGAGGAAGG-====================-UAUGCCCCG,Archaea;Asgardarchaeota;Lokiarchaeia;uncultured crenarchaeote
LOK1183_1mm,EU732030,976780,Archaea;Asgardarchaeota;Lokiarchaeia;,uncultured crenarchaeote,1249,1,1249,0,0.0,37706,1182,rev,GGAGGAAGG-====================-UAUGCCCCG,Archaea;Asgardarchaeota;Lokiarchaeia;uncultured crenarchaeote
LOK1183_1mm,EU732031,976781,Archaea;Asgardarchaeota;Lokiarchaeia;,uncultured crenarchaeote,1187,1,1187,0,0.0,37706,1182,rev,GGAGGAAGG-====================-UAUGCCCCG,Archaea;Asgardarchaeota;Lokiarchaeia;uncultured crenarchaeote
LOK1183_1mm,EU732032,976782,Archaea;Asgardarchaeota;Lokiarchaeia;,uncultured crenarchaeote,1225,1,1225,0,0.0,37706,1182,rev,GGAGGAAGG-====================-UAUGCCCCG,Archaea;Asgardarchaeota;Lokiarchaeia;uncultured crenarchaeote
LOK1183_1mm,FJ477318,1126933,Archaea;Asgardarchaeota;Lokiarchaeia;,uncultured archaeon,1366,1,1366,0,0.0,37706,1182,rev,GGAGGAAGG-====================-UAUGCCCCG,Archaea;Asgardarchaeota;Lokiarchaeia;uncultured archaeon
LOK1183_1mm,FJ649526,1169566,Archaea;Asgardarchaeota;Lokiarchaeia;,uncultured archaeon,1461,1,1461,0,0.0,37706,1182,rev,GGAGGAAGG-====================-UAUGCCCCG,Archaea;Asgardarchaeota;Lokiarchaeia;uncultured archaeon
LOK1183_1mm,FJ649533,1169573,Archaea;Asgardarchaeota;Lokiarchaeia;,uncultured archaeon,1461,1,1461,0,0.0,37706,1182,rev,GGAGGAAGG-====================-UAUGCCCCG,Archaea;Asgardarchaeota;Lokiarchaeia;uncultured archaeon
LOK1183_1mm,FJ655658,1171668,Archaea;Asgardarchaeota;Lokiarchaeia;,uncultured archaeon,1422,1,1422,0,0.0,37706,1182,rev,GGAGGAAGG-====================-UAUGCCCCG,Archaea;Asgardarchaeota;Lokiarchaeia;uncultured archaeon
LOK1183_1mm,GU127523,1673949,Archaea;Asgardarchaeota;Lokiarchaeia;,uncultured archaeon,939,1,939,0,0.0,37706,1182,rev,GGAGGAAGG-====================-UAUGCCCCG,Archaea;Asgardarchaeota;Lokiarchaeia;uncultured archaeon
LOK1183_1mm,GU553490,1830540,Archaea;Asgardarchaeota;Lokiarchaeia;,uncultured archaeon,1428,1,1428,1,1.1,37706,1182,rev,GGAGGAAGG-=======C============-UAUGCCCCG,Archaea;Asgardarchaeota;Lokiarchaeia;uncultured archaeon
LOK1183_1mm,GU553497,1830546,Archaea;Asgardarchaeota;Lokiarchaeia;,uncultured archaeon,1422,1,1422,0,0.0,37706,1182,rev,GGAGGAAGG-====================-UAUGCCCCG,Archaea;Asgardarchaeota;Lokiarchaeia;uncultured archaeon
LOK1183_1mm,GU553520,1830569,Archaea;Asgardarchaeota;Lokiarchaeia;,uncultured archaeon,1425,1,1425,0,0.0,37706,1182,rev,GGAGGAAGG-====================-UAUGCCCCG,Archaea;Asgardarchaeota;Lokiarchaeia;uncultured archaeon
LOK1183_1mm,GU553522,1830571,Archaea;Asgardarchaeota;Lokiarchaeia;,uncultured archaeon,1533,1,1533,0,0.0,37706,1182,rev,GGAGGAAGG-====================-UAUGCCCCG,Archaea;Asgardarchaeota;Lokiarchaeia;uncultured archaeon
LOK1183_1mm,GU553559,1830605,Archaea;Asgardarchaeota;Lokiarchaeia;,uncultured archaeon,1423,1,1423,0,0.0,37706,1182,rev,GGAGGAAGG-====================-UAUGCCCCG,Archaea;Asgardarchaeota;Lokiarchaeia;uncultured archaeon
LOK1183_1mm,GU553645,1830685,Archaea;Asgardarchaeota;Lokiarchaeia;,uncultured archaeon,1426,1,1426,0,0.0,37706,1182,rev,GGAGGAAGG-====================-UAUGCCCCG,Archaea;Asgardarchaeota;Lokiarchaeia;uncultured archaeon
LOK1183_1mm,GU553650,1830690,Archaea;Asgardarchaeota;Lokiarchaeia;,uncultured archaeon,1425,1,1425,0,0.0,37706,1182,rev,GGAGGAAGG-====================-UAUGCCCCG,Archaea;Asgardarchaeota;Lokiarchaeia;uncultured archaeon
LOK1183_1mm,GU553813,1830846,Archaea;Asgardarchaeota;Lokiarchaeia;,uncultured archaeon,1445,1,1445,0,0.0,37706,1182,rev,GGAGGAAGG-====================-UAUGCCCCG,Archaea;Asgardarchaeota;Lokiarchaeia;uncultured archaeon
LOK1183_1mm,HM480258,2207419,Archaea;Asgardarchaeota;Lokiarchaeia;,uncultured crenarchaeote,1433,1,1433,0,0.0,37706,1182,rev,GGAGGAGGG-====================-UAUGCCCCG,Archaea;Asgardarchaeota;Lokiarchaeia;uncultured crenarchaeote
LOK1183_1mm,HM480259,2207420,Archaea;Asgardarchaeota;Lokiarchaeia;,uncultured crenarchaeote,1391,1,1391,0,0.0,37706,1182,rev,GGAGGAGGG-====================-UAUGCCCCG,Archaea;Asgardarchaeota;Lokiarchaeia;uncultured crenarchaeote
LOK1183_1mm,HQ588670,2664373,Archaea;Asgardarchaeota;Lokiarchaeia;,uncultured archaeon,1459,1,1459,0,0.0,37706,1182,rev,GGAGGAAGG-====================-UAUGCCCCG,Archaea;Asgardarchaeota;Lokiarchaeia;uncultured archaeon
LOK1183_1mm,HQ700683,2687541,Archaea;Asgardarchaeota;Lokiarchaeia;,uncultured crenarchaeote,1459,1,1459,0,0.0,37706,1182,rev,GGAGGAAGG-====================-UAUGCCCCG,Archaea;Asgardarchaeota;Lokiarchaeia;uncultured crenarchaeote
LOK1183_1mm,HQ700686,2687544,Archaea;Asgardarchaeota;Lokiarchaeia;,uncultured crenarchaeote,1314,1,1314,1,1.1,37706,1182,rev,GGAGGAAGG-=======C============-UAUGCCCCG,Archaea;Asgardarchaeota;Lokiarchaeia;uncultured crenarchaeote
LOK1183_1mm,JF422939,3038708,Archaea;Asgardarchaeota;Lokiarchaeia;,uncultured euryarchaeote,1016,1,1016,0,0.0,37706,1182,rev,GGAGGAAGG-====================-UAUGCCCCG,Archaea;Asgardarchaeota;Lokiarchaeia;uncultured euryarchaeote
LOK1183_1mm,JF422940,3038709,Archaea;Asgardarchaeota;Lokiarchaeia;,uncultured euryarchaeote,1109,1,1109,0,0.0,37706,1182,rev,GGAGGAAGG-====================-UAUGCCCCG,Archaea;Asgardarchaeota;Lokiarchaeia;uncultured euryarchaeote
LOK1183_1mm,JF935157,3253277,Archaea;Asgardarchaeota;Lokiarchaeia;,uncultured crenarchaeote,1211,1,1211,0,0.0,37706,1182,rev,GGAGGAAGG-====================-UAUGCCCCG,Archaea;Asgardarchaeota;Lokiarchaeia;uncultured crenarchaeote
LOK1183_1mm,JN123610,3299139,Archaea;Asgardarchaeota;Lokiarchaeia;,uncultured archaeon,1433,1,1433,0,0.0,37706,1182,rev,GGAGGAAGG-====================-UAUGCCCCG,Archaea;Asgardarchaeota;Lokiarchaeia;uncultured archaeon
LOK1183_1mm,JN123623,3299151,Archaea;Asgardarchaeota;Lokiarchaeia;,uncultured archaeon,1421,1,1421,0,0.0,37706,1182,rev,GGAGGAAGG-====================-UAUGCCCCG,Archaea;Asgardarchaeota;Lokiarchaeia;uncultured archaeon
LOK1183_1mm,JN123624,3299152,Archaea;Asgardarchaeota;Lokiarchaeia;,uncultured archaeon,1424,1,1424,0,0.0,37706,1182,rev,GGAGGAAGG-====================-UAUGCCCCG,Archaea;Asgardarchaeota;Lokiarchaeia;uncultured archaeon
LOK1183_1mm,JN123646,3299174,Archaea;Asgardarchaeota;Lokiarchaeia;,uncultured archaeon,1424,1,1424,0,0.0,37706,1182,rev,GGAGGAAGG-====================-UAUGCCCCG,Archaea;Asgardarchaeota;Lokiarchaeia;uncultured archaeon
LOK1183_1mm,JN123676,3299204,Archaea;Asgardarchaeota;Lokiarchaeia;,uncultured archaeon,1425,1,1425,0,0.0,37706,1182,rev,GGAGGAAGG-====================-UAUGCCCCG,Archaea;Asgardarchaeota;Lokiarchaeia;uncultured archaeon
LOK1183_1mm,JN123677,3299205,Archaea;Asgardarchaeota;Lokiarchaeia;,uncultured archaeon,1423,1,1423,0,0.0,37706,1182,rev,GGAGGAAGG-====================-UAUGCCCCG,Archaea;Asgardarchaeota;Lokiarchaeia;uncultured archaeon
LOK1183_1mm,JN123679,3299207,Archaea;Asgardarchaeota;Lokiarchaeia;,uncultured archaeon,1431,1,1431,0,0.0,37706,1182,rev,GGAGGAAGG-====================-UAUGCCCCG,Archaea;Asgardarchaeota;Lokiarchaeia;uncultured archaeon
LOK1183_1mm,JN123686,3299213,Archaea;Asgardarchaeota;Lokiarchaeia;,uncultured archaeon,1427,1,1427,0,0.0,37706,1182,rev,GGAGGAAGG-====================-UAUGCCCCG,Archaea;Asgardarchaeota;Lokiarchaeia;uncultured archaeon
LOK1183_1mm,JN123687,3299214,Archaea;Asgardarchaeota;Lokiarchaeia;,uncultured archaeon,1429,1,1429,0,0.0,37706,1182,rev,GGAGGAAGG-====================-UAUGCCUCG,Archaea;Asgardarchaeota;Lokiarchaeia;uncultured archaeon
LOK1183_1mm,JN123688,3299215,Archaea;Asgardarchaeota;Lokiarchaeia;,uncultured archaeon,1424,1,1424,0,0.0,37706,1182,rev,GGAGGAAGG-====================-UAUGCCCCG,Archaea;Asgardarchaeota;Lokiarchaeia;uncultured archaeon
LOK1183_1mm,JN123699,3299226,Archaea;Asgardarchaeota;Lokiarchaeia;,uncultured archaeon,1423,1,1423,0,0.0,37706,1182,rev,GGAGGAAGG-====================-UAUGCCCCG,Archaea;Asgardarchaeota;Lokiarchaeia;uncultured archaeon
LOK1183_1mm,JN123701,3299228,Archaea;Asgardarchaeota;Lokiarchaeia;,uncultured archaeon,1423,1,1423,1,0.6,37706,1182,rev,GGAGGAAGG-======u=============-UAUGCCCCG,Archaea;Asgardarchaeota;Lokiarchaeia;uncultured archaeon
LOK1183_1mm,JN123704,3299231,Archaea;Asgardarchaeota;Lokiarchaeia;,uncultured archaeon,1423,1,1423,0,0.0,37706,1182,rev,GGAGGAAGG-====================-UAUGCCCCG,Archaea;Asgardarchaeota;Lokiarchaeia;uncultured archaeon
LOK1183_1mm,JN123705,3299232,Archaea;Asgardarchaeota;Lokiarchaeia;,uncultured archaeon,1423,1,1423,0,0.0,37706,1182,rev,GGAGGAAGG-====================-UAUGCCCCG,Archaea;Asgardarchaeota;Lokiarchaeia;uncultured archaeon
LOK1183_1mm,JN123727,3299254,Archaea;Asgardarchaeota;Lokiarchaeia;,uncultured archaeon,1428,1,1428,0,0.0,37706,1182,rev,GGAGGAAGG-====================-UAUGCCCCG,Archaea;Asgardarchaeota;Lokiarchaeia;uncultured archaeon
LOK1183_1mm,JN123729,3299256,Archaea;Asgardarchaeota;Lokiarchaeia;,uncultured archaeon,1424,1,1424,0,0.0,37706,1182,rev,GGAGGAAGG-====================-UAUGCCCCG,Archaea;Asgardarchaeota;Lokiarchaeia;uncultured archaeon
LOK1183_1mm,JN123730,3299257,Archaea;Asgardarchaeota;Lokiarchaeia;,uncultured archaeon,1467,1,1467,0,0.0,37706,1182,rev,GGAGGAAGG-====================-UAUGCCCCG,Archaea;Asgardarchaeota;Lokiarchaeia;uncultured archaeon
LOK1183_1mm,JN123731,3299258,Archaea;Asgardarchaeota;Lokiarchaeia;,uncultured archaeon,1422,1,1422,0,0.0,37706,1182,rev,GGAGGAAGG-====================-UAUGCCCCG,Archaea;Asgardarchaeota;Lokiarchaeia;uncultured archaeon
LOK1183_1mm,JN123734,3299261,Archaea;Asgardarchaeota;Lokiarchaeia;,uncultured archaeon,1442,1,1442,0,0.0,37706,1182,rev,GGAGGAAGG-====================-UAUGCCCCG,Archaea;Asgardarchaeota;Lokiarchaeia;uncultured archaeon
LOK1183_1mm,JN408855,3347815,Archaea;Asgardarchaeota;Lokiarchaeia;,uncultured archaeon,1315,1,1315,0,0.0,37706,1182,rev,GGAGGAAGG-====================-UAUGCCCCG,Archaea;Asgardarchaeota;Lokiarchaeia;uncultured archaeon
LOK1183_1mm,JN408864,3347824,Archaea;Asgardarchaeota;Lokiarchaeia;,uncultured archaeon,1379,1,1379,0,0.0,37706,1182,rev,GGAGGAAGG-====================-UAUGCCCCG,Archaea;Asgardarchaeota;Lokiarchaeia;uncultured archaeon
LOK1183_1mm,JN811695,3518410,Archaea;Asgardarchaeota;Lokiarchaeia;,uncultured archaeon,1363,1,1363,0,0.0,37706,1182,rev,GGAGGAAGG-====================-UAUGCCCCG,Archaea;Asgardarchaeota;Lokiarchaeia;uncultured archaeon
LOK1183_1mm,JQ815979,3904240,Archaea;Asgardarchaeota;Lokiarchaeia;,uncultured archaeon,1468,1,1468,0,0.0,37706,1182,rev,GGAGGAAGG-====================-UAUGCCCCG,Archaea;Asgardarchaeota;Lokiarchaeia;uncultured archaeon
LOK1183_1mm,JQ815982,3904243,Archaea;Asgardarchaeota;Lokiarchaeia;,uncultured archaeon,1423,1,1423,0,0.0,37706,1182,rev,GGAGGAAGG-====================-UAUGCCCCG,Archaea;Asgardarchaeota;Lokiarchaeia;uncultured archaeon
LOK1183_1mm,JQ816017,3904278,Archaea;Asgardarchaeota;Lokiarchaeia;,uncultured archaeon,1423,1,1423,0,0.0,37706,1182,rev,GGAGGAAGG-====================-UAUGCCCCG,Archaea;Asgardarchaeota;Lokiarchaeia;uncultured archaeon
LOK1183_1mm,JQ816026,3904287,Archaea;Asgardarchaeota;Lokiarchaeia;,uncultured archaeon,1422,1,1422,0,0.0,37706,1182,rev,GGAGGAAGG-====================-UAUGCCCCG,Archaea;Asgardarchaeota;Lokiarchaeia;uncultured archaeon
LOK1183_1mm,JQ816065,3904326,Archaea;Asgardarchaeota;Lokiarchaeia;,uncultured archaeon,1423,1,1423,1,1.5,37706,1182,rev,GGAGGAAGG-=A==================-UAUGCCCCG,Archaea;Asgardarchaeota;Lokiarchaeia;uncultured archaeon
LOK1183_1mm,JQ816551,3904808,Archaea;Asgardarchaeota;Lokiarchaeia;,uncultured archaeon,1441,1,1441,0,0.0,37706,1182,rev,GGAGGAAGG-====================-UAUGCCCCG,Archaea;Asgardarchaeota;Lokiarchaeia;uncultured archaeon
LOK1183_1mm,JQ817216,3905468,Archaea;Asgardarchaeota;Lokiarchaeia;,uncultured archaeon,1423,1,1423,0,0.0,37706,1182,rev,GGAGGAAGG-====================-UAUGCCCCG,Archaea;Asgardarchaeota;Lokiarchaeia;uncultured archaeon
LOK1183_1mm,JQ817241,3905493,Archaea;Asgardarchaeota;Lokiarchaeia;,uncultured archaeon,1423,1,1423,0,0.0,37706,1182,rev,GGAGGAGGG-====================-UAUGCCCCG,Archaea;Asgardarchaeota;Lokiarchaeia;uncultured archaeon
LOK1183_1mm,JQ817523,3905775,Archaea;Asgardarchaeota;Lokiarchaeia;,uncultured archaeon,1468,1,1468,0,0.0,37706,1182,rev,GGAGGAAGG-====================-UAUGCCCCG,Archaea;Asgardarchaeota;Lokiarchaeia;uncultured archaeon
LOK1183_1mm,JQ817543,3905795,Archaea;Asgardarchaeota;Lokiarchaeia;,uncultured archaeon,1423,1,1423,0,0.0,37706,1182,rev,GGAGGAAGG-====================-UAUGCCCCG,Archaea;Asgardarchaeota;Lokiarchaeia;uncultured archaeon
LOK1183_1mm,JQ817593,3905845,Archaea;Asgardarchaeota;Lokiarchaeia;,uncultured archaeon,1427,1,1427,1,1.1,37706,1182,rev,GGAGGAAGG-=======C============-UAUGCCCCG,Archaea;Asgardarchaeota;Lokiarchaeia;uncultured archaeon
LOK1183_1mm,JQ817602,3905854,Archaea;Asgardarchaeota;Lokiarchaeia;,uncultured archaeon,1423,1,1423,0,0.0,37706,1182,rev,GGAGGAAGG-====================-UAUGCCCCG,Archaea;Asgardarchaeota;Lokiarchaeia;uncultured archaeon
LOK1183_1mm,JQ817610,3905862,Archaea;Asgardarchaeota;Lokiarchaeia;,uncultured archaeon,1424,1,1424,0,0.0,37706,1182,rev,GGAGGAAGG-====================-UAUGCCCCG,Archaea;Asgardarchaeota;Lokiarchaeia;uncultured archaeon
LOK1183_1mm,JQ817643,3905895,Archaea;Asgardarchaeota;Lokiarchaeia;,uncultured archaeon,1423,1,1423,0,0.0,37706,1182,rev,GGAGGAAGG-====================-UAUGCCCCG,Archaea;Asgardarchaeota;Lokiarchaeia;uncultured archaeon
LOK1183_1mm,JQ989390,3942901,Archaea;Asgardarchaeota;Lokiarchaeia;,uncultured archaeon,1424,1,1424,0,0.0,37706,1182,rev,GGAGGAAGG-====================-UAUGCCCCG,Archaea;Asgardarchaeota;Lokiarchaeia;uncultured archaeon
LOK1183_1mm,JQ989392,3942903,Archaea;Asgardarchaeota;Lokiarchaeia;,uncultured archaeon,1423,1,1423,0,0.0,37706,1182,rev,GGAGGAAGG-====================-UAUGCCCCG,Archaea;Asgardarchaeota;Lokiarchaeia;uncultured archaeon
LOK1183_1mm,JQ989413,3942924,Archaea;Asgardarchaeota;Lokiarchaeia;,uncultured archaeon,1437,1,1437,0,0.0,37706,1182,rev,GGAGGAAGG-====================-UAUGCCCCG,Archaea;Asgardarchaeota;Lokiarchaeia;uncultured archaeon
LOK1183_1mm,JQ989420,3942931,Archaea;Asgardarchaeota;Lokiarchaeia;,uncultured archaeon,1458,1,1458,0,0.0,37706,1182,rev,GGAGGAAGG-====================-UAUGCCCCG,Archaea;Asgardarchaeota;Lokiarchaeia;uncultured archaeon
LOK1183_1mm,JQ989438,3942949,Archaea;Asgardarchaeota;Lokiarchaeia;,uncultured archaeon,1442,1,1442,0,0.0,37706,1182,rev,GGAGGAAGG-====================-UAUGCCCCG,Archaea;Asgardarchaeota;Lokiarchaeia;uncultured archaeon
LOK1183_1mm,JQ989441,3942952,Archaea;Asgardarchaeota;Lokiarchaeia;,uncultured archaeon,1437,1,1437,0,0.0,37706,1182,rev,GGAGGAAGG-====================-UAUGCCCCG,Archaea;Asgardarchaeota;Lokiarchaeia;uncultured archaeon
LOK1183_1mm,JQ989534,3943044,Archaea;Asgardarchaeota;Lokiarchaeia;,uncultured archaeon,1421,1,1421,0,0.0,37706,1182,rev,GGAGGAAGG-====================-UAUGCCCCG,Archaea;Asgardarchaeota;Lokiarchaeia;uncultured archaeon
LOK1183_1mm,JQ989538,3943048,Archaea;Asgardarchaeota;Lokiarchaeia;,uncultured archaeon,1428,1,1428,0,0.0,37706,1182,rev,GGAGGAAGG-====================-UAUGCCCCG,Archaea;Asgardarchaeota;Lokiarchaeia;uncultured archaeon
LOK1183_1mm,JQ989539,3943049,Archaea;Asgardarchaeota;Lokiarchaeia;,uncultured archaeon,1423,1,1423,0,0.0,37706,1182,rev,GGAGGAAGG-====================-UAUGCCCCG,Archaea;Asgardarchaeota;Lokiarchaeia;uncultured archaeon
LOK1183_1mm,JQ989541,3943051,Archaea;Asgardarchaeota;Lokiarchaeia;,uncultured archaeon,1435,1,1435,0,0.0,37706,1182,rev,GGAGGAAGG-====================-UAUGCCCCG,Archaea;Asgardarchaeota;Lokiarchaeia;uncultured archaeon
LOK1183_1mm,JQ989549,3943059,Archaea;Asgardarchaeota;Lokiarchaeia;,uncultured archaeon,1437,1,1437,0,0.0,37706,1182,rev,GGAGGAAGG-====================-UAUGCCCCG,Archaea;Asgardarchaeota;Lokiarchaeia;uncultured archaeon
LOK1183_1mm,JQ989560,3943070,Archaea;Asgardarchaeota;Lokiarchaeia;,uncultured archaeon,1424,1,1424,0,0.0,37706,1182,rev,GGAGGAAGG-====================-UAUGCCCCG,Archaea;Asgardarchaeota;Lokiarchaeia;uncultured archaeon
LOK1183_1mm,JQ989569,3943079,Archaea;Asgardarchaeota;Lokiarchaeia;,uncultured archaeon,1423,1,1423,0,0.0,37706,1182,rev,GGAGGAAGG-====================-UAUGCCCCG,Archaea;Asgardarchaeota;Lokiarchaeia;uncultured archaeon
LOK1183_1mm,JQ989576,3943086,Archaea;Asgardarchaeota;Lokiarchaeia;,uncultured archaeon,1423,1,1423,1,0.2,37706,1182,rev,GGAGGAAGG-=======g============-UAUGCCCCG,Archaea;Asgardarchaeota;Lokiarchaeia;uncultured archaeon
LOK1183_1mm,JQ989668,3943178,Archaea;Asgardarchaeota;Lokiarchaeia;,uncultured archaeon,1423,1,1423,0,0.0,37706,1182,rev,GGAGGAAGG-====================-UAUGCCCCG,Archaea;Asgardarchaeota;Lokiarchaeia;uncultured archaeon
LOK1183_1mm,JQ989675,3943185,Archaea;Asgardarchaeota;Lokiarchaeia;,uncultured archaeon,1423,1,1423,0,0.0,37706,1182,rev,GGAGGAAGG-====================-UAUGCCCCG,Archaea;Asgardarchaeota;Lokiarchaeia;uncultured archaeon
LOK1183_1mm,JQ989681,3943191,Archaea;Asgardarchaeota;Lokiarchaeia;,uncultured archaeon,1423,1,1423,1,1.1,37706,1182,rev,GGAGGAAGG-=======C============-UAUGCCCCG,Archaea;Asgardarchaeota;Lokiarchaeia;uncultured archaeon
LOK1183_1mm,JQ989720,3943230,Archaea;Asgardarchaeota;Lokiarchaeia;,uncultured archaeon,1441,1,1441,0,0.0,37706,1182,rev,GGAGGGAGG-====================-UAUGCCCCG,Archaea;Asgardarchaeota;Lokiarchaeia;uncultured archaeon
LOK1183_1mm,JQ989731,3943241,Archaea;Asgardarchaeota;Lokiarchaeia;,uncultured archaeon,1423,1,1423,0,0.0,37706,1182,rev,GGAGGAAGG-====================-UAUGCCCCG,Archaea;Asgardarchaeota;Lokiarchaeia;uncultured archaeon
LOK1183_1mm,JQ989745,3943255,Archaea;Asgardarchaeota;Lokiarchaeia;,uncultured archaeon,1423,1,1423,0,0.0,37706,1182,rev,GGGGGAAGG-====================-UAUGCCCCG,Archaea;Asgardarchaeota;Lokiarchaeia;uncultured archaeon
LOK1183_1mm,JX000669,3954558,Archaea;Asgardarchaeota;Lokiarchaeia;,uncultured archaeon,1423,1,1423,0,0.0,37706,1182,rev,GGAGGAAGG-====================-UAUGCCCCG,Archaea;Asgardarchaeota;Lokiarchaeia;uncultured archaeon
LOK1183_1mm,JX000673,3954562,Archaea;Asgardarchaeota;Lokiarchaeia;,uncultured archaeon,1423,1,1423,0,0.0,37706,1182,rev,GGAGGAAGG-====================-UAUGCCCCG,Archaea;Asgardarchaeota;Lokiarchaeia;uncultured archaeon
LOK1183_1mm,JX000683,3954572,Archaea;Asgardarchaeota;Lokiarchaeia;,uncultured archaeon,1423,1,1423,0,0.0,37706,1182,rev,GGAGGAAGG-====================-UAUGCCCCG,Archaea;Asgardarchaeota;Lokiarchaeia;uncultured archaeon
LOK1183_1mm,JX000686,3954575,Archaea;Asgardarchaeota;Lokiarchaeia;,uncultured archaeon,1424,1,1424,1,0.2,37706,1182,rev,GGAGGAAGG-==================g=-UAUGCCCCG,Archaea;Asgardarchaeota;Lokiarchaeia;uncultured archaeon
LOK1183_1mm,JX000696,3954585,Archaea;Asgardarchaeota;Lokiarchaeia;,uncultured archaeon,1421,1,1421,0,0.0,37706,1182,rev,GGAGGAAGG-====================-UAUGCCCCG,Archaea;Asgardarchaeota;Lokiarchaeia;uncultured archaeon
LOK1183_1mm,JX000698,3954587,Archaea;Asgardarchaeota;Lokiarchaeia;,uncultured archaeon,1425,1,1425,0,0.0,37706,1182,rev,GGAGGAAGG-====================-UAUGCCCCG,Archaea;Asgardarchaeota;Lokiarchaeia;uncultured archaeon
LOK1183_1mm,JX000701,3954590,Archaea;Asgardarchaeota;Lokiarchaeia;,uncultured archaeon,1423,1,1423,0,0.0,37706,1182,rev,GGAGGAAGG-====================-UAUGCCCCG,Archaea;Asgardarchaeota;Lokiarchaeia;uncultured archaeon
LOK1183_1mm,JX000708,3954597,Archaea;Asgardarchaeota;Lokiarchaeia;,uncultured archaeon,1471,1,1471,0,0.0,37706,1182,rev,GGAGGAAGG-====================-UAUGCCCCG,Archaea;Asgardarchaeota;Lokiarchaeia;uncultured archaeon
LOK1183_1mm,JX000713,3954602,Archaea;Asgardarchaeota;Lokiarchaeia;,uncultured archaeon,1425,1,1425,0,0.0,37706,1182,rev,GGAGGAAGG-====================-UAUGCCCCG,Archaea;Asgardarchaeota;Lokiarchaeia;uncultured archaeon
LOK1183_1mm,JX000715,3954604,Archaea;Asgardarchaeota;Lokiarchaeia;,uncultured archaeon,1422,1,1422,0,0.0,37706,1182,rev,GGAGGAAGG-====================-UAUGCCCCG,Archaea;Asgardarchaeota;Lokiarchaeia;uncultured archaeon
LOK1183_1mm,JX000716,3954605,Archaea;Asgardarchaeota;Lokiarchaeia;,uncultured archaeon,1443,1,1443,0,0.0,37706,1182,rev,GGAGGAAGG-====================-UAUGCCCCG,Archaea;Asgardarchaeota;Lokiarchaeia;uncultured archaeon
LOK1183_1mm,JX000724,3954613,Archaea;Asgardarchaeota;Lokiarchaeia;,uncultured archaeon,1423,1,1423,0,0.0,37706,1182,rev,GGAGGAAGG-====================-UAUGCCCCG,Archaea;Asgardarchaeota;Lokiarchaeia;uncultured archaeon
LOK1183_1mm,JX000725,3954614,Archaea;Asgardarchaeota;Lokiarchaeia;,uncultured archaeon,1410,1,1410,0,0.0,37706,1182,rev,GGAGGAAGG-====================-UAUGCCCCG,Archaea;Asgardarchaeota;Lokiarchaeia;uncultured archaeon
LOK1183_1mm,JX000734,3954623,Archaea;Asgardarchaeota;Lokiarchaeia;,uncultured archaeon,1470,1,1470,0,0.0,37706,1182,rev,GGAGGAAGG-====================-UAUGCCCCG,Archaea;Asgardarchaeota;Lokiarchaeia;uncultured archaeon
LOK1183_1mm,JX000737,3954626,Archaea;Asgardarchaeota;Lokiarchaeia;,uncultured archaeon,1423,1,1423,0,0.0,37706,1182,rev,GGAGGAAGG-====================-UAUGCCCCG,Archaea;Asgardarchaeota;Lokiarchaeia;uncultured archaeon
LOK1183_1mm,JX000757,3954646,Archaea;Asgardarchaeota;Lokiarchaeia;,uncultured archaeon,1424,1,1424,0,0.0,37706,1182,rev,GGAGGAAGG-====================-UAUGCCCCG,Archaea;Asgardarchaeota;Lokiarchaeia;uncultured archaeon
LOK1183_1mm,JX000760,3954649,Archaea;Asgardarchaeota;Lokiarchaeia;,uncultured archaeon,1443,1,1443,0,0.0,37706,1182,rev,GGAGGAAGG-====================-UAUGCCCCG,Archaea;Asgardarchaeota;Lokiarchaeia;uncultured archaeon
LOK1183_1mm,JX000768,3954657,Archaea;Asgardarchaeota;Lokiarchaeia;,uncultured archaeon,1423,1,1423,0,0.0,37706,1182,rev,GGAGGAAGG-====================-UAUGCCCCG,Archaea;Asgardarchaeota;Lokiarchaeia;uncultured archaeon
LOK1183_1mm,JX000789,3954678,Archaea;Asgardarchaeota;Lokiarchaeia;,uncultured archaeon,1449,1,1449,0,0.0,37706,1182,rev,AGAGGAAGG-====================-UAUGCCCCG,Archaea;Asgardarchaeota;Lokiarchaeia;uncultured archaeon
LOK1183_1mm,JX000802,3954691,Archaea;Asgardarchaeota;Lokiarchaeia;,uncultured archaeon,1070,1,1070,0,0.0,37706,1182,rev,GGAGGAAGG-====================-UAUGCCCCG,Archaea;Asgardarchaeota;Lokiarchaeia;uncultured archaeon
LOK1183_1mm,JX000803,3954692,Archaea;Asgardarchaeota;Lokiarchaeia;,uncultured archaeon,1042,1,1042,0,0.0,37706,1182,rev,GGAGGAAGG-====================-UAUGCCCCG,Archaea;Asgardarchaeota;Lokiarchaeia;uncultured archaeon
LOK1183_1mm,JX000810,3954699,Archaea;Asgardarchaeota;Lokiarchaeia;,uncultured archaeon,1315,1,1315,0,0.0,37706,1182,rev,GGAGGAAGG-====================-UAUGCCCCG,Archaea;Asgardarchaeota;Lokiarchaeia;uncultured archaeon
LOK1183_1mm,JX000819,3954707,Archaea;Asgardarchaeota;Lokiarchaeia;,uncultured archaeon,1427,1,1427,0,0.0,37706,1182,rev,GGAGGAAGG-====================-UAUGCCCCG,Archaea;Asgardarchaeota;Lokiarchaeia;uncultured archaeon
LOK1183_1mm,JX000822,3954710,Archaea;Asgardarchaeota;Lokiarchaeia;,uncultured archaeon,1427,1,1427,0,0.0,37706,1182,rev,GGAGGAAGG-====================-UAUGCCCCG,Archaea;Asgardarchaeota;Lokiarchaeia;uncultured archaeon
LOK1183_1mm,JX000827,3954715,Archaea;Asgardarchaeota;Lokiarchaeia;,uncultured archaeon,1331,1,1331,0,0.0,37706,1182,rev,GGAGGAAGG-====================-UAUGCCCCG,Archaea;Asgardarchaeota;Lokiarchaeia;uncultured archaeon
LOK1183_1mm,JX000839,3954727,Archaea;Asgardarchaeota;Lokiarchaeia;,uncultured archaeon,1212,1,1212,0,0.0,37706,1182,rev,GGAGGAAGG-====================-UAUGCCCCG,Archaea;Asgardarchaeota;Lokiarchaeia;uncultured archaeon
LOK1183_1mm,JYIM01000321,4257678,Archaea;Asgardarchaeota;Lokiarchaeia;,Lokiarchaeum sp. GC14_75,1179,1,1179,0,0.0,37706,1182,rev,GGAGGAAGG-====================-UAUGCCCCG,Archaea;Asgardarchaeota;Lokiarchaeia;Lokiarchaeum sp. GC14_75
LOK1183_1mm,KP091038,5087534,Archaea;Asgardarchaeota;Lokiarchaeia;,uncultured archaeon,1461,1,1461,0,0.0,37706,1182,rev,GGAGGAAGG-====================-UAUGCCCCG,Archaea;Asgardarchaeota;Lokiarchaeia;uncultured archaeon
LOK1183_1mm,KP091042,5087538,Archaea;Asgardarchaeota;Lokiarchaeia;,uncultured archaeon,1468,1,1468,0,0.0,37706,1182,rev,GGAGGAAGG-====================-UAUGCCCCG,Archaea;Asgardarchaeota;Lokiarchaeia;uncultured archaeon
LOK1183_1mm,KP091060,5087556,Archaea;Asgardarchaeota;Lokiarchaeia;,uncultured archaeon,1448,1,1448,0,0.0,37706,1182,rev,GGAGGAAGG-====================-UAUGCCCCG,Archaea;Asgardarchaeota;Lokiarchaeia;uncultured archaeon
LOK1183_1mm,KP091258,5087745,Archaea;Asgardarchaeota;Lokiarchaeia;,uncultured archaeon,1194,1,1194,0,0.0,37706,1182,rev,GGAGGAAGG-====================-UAUGCCCCG,Archaea;Asgardarchaeota;Lokiarchaeia;uncultured archaeon
LOK1183_1mm,KP204832,5111793,Archaea;Asgardarchaeota;Lokiarchaeia;,uncultured archaeon,1417,1,1417,0,0.0,37706,1182,rev,GGAGGAAGG-====================-UAUGCCCCG,Archaea;Asgardarchaeota;Lokiarchaeia;uncultured archaeon
