"job_name";"primaryAccession";"seqent_id";"path";"organismName";"length";"startPosition";"stopPosition";"mismatch";"mismatchWeight";"alignmentPosition";"ecoliPosition";"matchDirection";"sequenceMatch"
"HEIM329_1mm";"AB019714";"6437";"Archaea;Asgardarchaeota;Heimdallarchaeia;";"unidentified archaeon";"1417";"1";"1417";"0";"0";"13853";"528";"rev";"AGCCGCCGC-=======================-CUAGGACGA"
"HEIM329_1mm";"AB019715";"6438";"Archaea;Asgardarchaeota;Heimdallarchaeia;";"unidentified archaeon";"1413";"1";"1413";"0";"0";"13853";"528";"rev";"CACCGCCGC-=======================-CUAAGACGA"
"HEIM329_1mm";"AB797349";"151272";"Archaea;Asgardarchaeota;Heimdallarchaeia;";"uncultured archaeon";"1410";"1";"1410";"0";"0";"13853";"528";"rev";"AGCCGCCGC-=======================-UCAGGACGA"
"HEIM329_1mm";"AB797381";"151304";"Archaea;Asgardarchaeota;Heimdallarchaeia;";"uncultured archaeon";"1410";"1";"1410";"0";"0";"13853";"528";"rev";"AGCCGCCGC-=======================-UCAGGACGA"
"HEIM329_1mm";"AB797455";"151378";"Archaea;Asgardarchaeota;Heimdallarchaeia;";"uncultured archaeon";"1410";"1";"1410";"0";"0";"13853";"528";"rev";"AGCCGCCGC-=======================-CUAGGGCGA"
"HEIM329_1mm";"AB797464";"151387";"Archaea;Asgardarchaeota;Heimdallarchaeia;";"uncultured archaeon";"1410";"1";"1410";"0";"0";"13853";"528";"rev";"AGCCGCCGC-=======================-CUAGGACGA"
"HEIM329_1mm";"AB797474";"151397";"Archaea;Asgardarchaeota;Heimdallarchaeia;";"uncultured archaeon";"1410";"1";"1410";"0";"0";"13853";"528";"rev";"AGCCGCCGC-=======================-CUAGGACGA"
"HEIM329_1mm";"AB797486";"151409";"Archaea;Asgardarchaeota;Heimdallarchaeia;";"uncultured archaeon";"1410";"1";"1410";"0";"0";"13853";"528";"rev";"AGCCGCCGC-=======================-CUAGGACGA"
"HEIM329_1mm";"DQ522938";"596186";"Archaea;Asgardarchaeota;Heimdallarchaeia;";"uncultured archaeon";"1307";"1";"1307";"0";"0";"13853";"528";"rev";"AGCCGCCGC-=======================-CUAGGACGA"
"HEIM329_1mm";"DQ640138";"605800";"Archaea;Asgardarchaeota;Heimdallarchaeia;";"uncultured archaeon";"1333";"1";"1333";"0";"0";"13853";"528";"rev";"AGCCGCCGC-=======================-CUAGCACGA"
"HEIM329_1mm";"DQ640139";"605801";"Archaea;Asgardarchaeota;Heimdallarchaeia;";"uncultured archaeon";"1324";"1";"1324";"0";"0";"13853";"528";"rev";"AGCCGCCGC-=======================-CUAGGACGA"
"HEIM329_1mm";"GU553642";"1830682";"Archaea;Asgardarchaeota;Heimdallarchaeia;";"uncultured archaeon";"1414";"1";"1414";"0";"0";"13853";"528";"rev";"AGCCGCCGC-=======================-CUAGGACGA"
"HEIM329_1mm";"JN123684";"3299212";"Archaea;Asgardarchaeota;Heimdallarchaeia;";"uncultured archaeon";"1413";"1";"1413";"0";"0";"13853";"528";"rev";"AGCCGCCGC-=======================-CUAGGACGA"
"HEIM329_1mm";"JQ816545";"3904802";"Archaea;Asgardarchaeota;Heimdallarchaeia;";"uncultured archaeon";"1430";"1";"1430";"0";"0";"13853";"528";"rev";"AGCCGCCGC-=======================-CUAGCACGA"
"HEIM329_1mm";"JQ817511";"3905763";"Archaea;Asgardarchaeota;Heimdallarchaeia;";"uncultured archaeon";"1411";"1";"1411";"0";"0";"13853";"528";"rev";"AGCCGCCGC-=======================-CUAGGACGA"
"HEIM329_1mm";"JQ817537";"3905789";"Archaea;Asgardarchaeota;Heimdallarchaeia;";"uncultured archaeon";"1383";"1";"1383";"0";"0";"13853";"528";"rev";"AGCCGCCGC-=======================-UCAGGACGA"
"HEIM329_1mm";"JQ817552";"3905804";"Archaea;Asgardarchaeota;Heimdallarchaeia;";"uncultured archaeon";"1411";"1";"1411";"0";"0";"13853";"528";"rev";"AGCCGCCGC-=======================-UCAGGACGA"
"HEIM329_1mm";"JQ817560";"3905812";"Archaea;Asgardarchaeota;Heimdallarchaeia;";"uncultured archaeon";"1411";"1";"1411";"0";"0";"13853";"528";"rev";"AGCCGCCGC-=======================-CUAGCACGA"
"HEIM329_1mm";"JQ817966";"3906212";"Archaea;Asgardarchaeota;Heimdallarchaeia;";"uncultured archaeon";"1353";"1";"1353";"0";"0";"13853";"528";"rev";"AGCCGCCGC-=======================-UCAGGACGA"
"HEIM329_1mm";"JQ989359";"3942872";"Archaea;Asgardarchaeota;Heimdallarchaeia;";"uncultured archaeon";"1411";"1";"1411";"0";"0";"13853";"528";"rev";"AGCCGCCGC-=======================-CUAGGACGA"
"HEIM329_1mm";"JQ989637";"3943147";"Archaea;Asgardarchaeota;Heimdallarchaeia;";"uncultured archaeon";"1412";"1";"1412";"0";"0";"13853";"528";"rev";"AGCCGCCGC-=======================-CUAGGACGA"
"HEIM329_1mm";"JQ989741";"3943251";"Archaea;Asgardarchaeota;Heimdallarchaeia;";"uncultured archaeon";"1412";"1";"1412";"0";"0";"13853";"528";"rev";"AGCCGCCGC-=======================-UCAGGACGA"
"HEIM329_1mm";"JX000736";"3954625";"Archaea;Asgardarchaeota;Heimdallarchaeia;";"uncultured archaeon";"1412";"1";"1412";"0";"0";"13853";"528";"rev";"AGCCGCCGC-=======================-UCAGGACGA"
"HEIM329_1mm";"JX000794";"3954683";"Archaea;Asgardarchaeota;Heimdallarchaeia;";"uncultured archaeon";"1414";"1";"1414";"0";"0";"13853";"528";"rev";"AGCCGCCGC-=======================-UCAGGACGA"
"HEIM329_1mm";"JX000838";"3954726";"Archaea;Asgardarchaeota;Heimdallarchaeia;";"uncultured archaeon";"1452";"1";"1452";"0";"0";"13853";"528";"rev";"AGCCGCCGC-=======================-UCAGGACGA"
"HEIM329_1mm";"KP091041";"5087537";"Archaea;Asgardarchaeota;Heimdallarchaeia;";"uncultured archaeon";"1464";"1";"1464";"0";"0";"13853";"528";"rev";"AGCCGCCGC-=======================-UCAGGACGA"
"HEIM329_1mm";"MEHH01000036";"6194672";"Archaea;Asgardarchaeota;Heimdallarchaeia;";"Candidatus Heimdallarchaeota archaeon AB_125";"1450";"3025";"4474";"0";"0";"13853";"528";"rev";"AGCCGCCGC-=======================-CUAGGACGA"
